{"pitch": [-4.4367961006776735, 6.000821739693907, 290.1722223783059, 65.40129764673773], "energy": [-1.4683282375335693, 5.392096996307373, 60.07138889627666, 40.91141583254559]}